{"Layer_0": 0.5, "Layer_1": 0.5, "Layer_2": 0.5, "Layer_3": 0.5, "Layer_4": 0.875, "Layer_5": 0.9375, "Layer_6": 0.625, "Layer_7": 0.625, "Layer_8": 0.625, "Layer_9": 0.5, "Layer_10": 0.5, "Layer_11": 0.5, "_timestamp": 1714661174.328665, "_runtime": 6.599900007247925, "_step": 0, "_wandb": {"runtime": 39}}