{"Layer_0": 0.5, "Layer_1": 0.5, "Layer_2": 0.5, "Layer_3": 0.5, "Layer_4": 0.6875, "Layer_5": 0.875, "Layer_6": 0.75, "Layer_7": 0.8125, "Layer_8": 0.75, "Layer_9": 0.8125, "Layer_10": 0.875, "Layer_11": 0.5, "_timestamp": 1714661463.9509509, "_runtime": 7.621712923049927, "_step": 13, "Accuracy": {"Layer_0": 0.5, "Layer_1": 0.5, "Layer_2": 0.5, "Layer_3": 0.5, "Layer_4": 0.6875, "Layer_5": 0.875, "Layer_6": 0.75, "Layer_7": 0.8125, "Layer_8": 0.75, "Layer_9": 0.8125, "Layer_10": 0.875, "Layer_11": 0.5}, "_wandb": {"runtime": 264}}