{"Layer_0": 0.5, "Layer_1": 0.5, "Layer_2": 0.5, "Layer_3": 0.75, "Layer_4": 0.75, "Layer_5": 0.625, "Layer_6": 0.875, "Layer_7": 0.75, "Layer_8": 0.75, "Layer_9": 0.5, "Layer_10": 0.5, "Layer_11": 0.875, "_timestamp": 1714660867.95402, "_runtime": 7.572413921356201, "_step": 0, "_wandb": {"runtime": 130}}