{"Accuracy by Layer": {"Layer_0": 0.5, "Layer_1": 0.5, "Layer_2": 0.8125, "Layer_3": 0.75, "Layer_4": 0.8125, "Layer_5": 0.75, "Layer_6": 0.625, "Layer_7": 0.5625, "Layer_8": 0.5625, "Layer_9": 0.5625, "Layer_10": 0.5, "Layer_11": 0.5}, "_timestamp": 1714661733.1308239, "_runtime": 6.983099937438965, "_step": 0, "_wandb": {"runtime": 5}}