{"Layer_0": 0.5, "Layer_1": 0.5, "Layer_2": 0.5, "Layer_3": 0.9375, "Layer_4": 0.9375, "Layer_5": 0.9375, "Layer_6": 0.9375, "Layer_7": 0.9375, "Layer_8": 0.9375, "Layer_9": 0.9375, "Layer_10": 0.5625, "Layer_11": 0.6875, "_timestamp": 1714661002.3254778, "_runtime": 6.867255926132202, "_step": 0, "_wandb": {"runtime": 6}}